Department,Job Performance Head
Designer,1. Fabric & Printing Knowledge
,2. Color Matching & Design Accuracy
,3. Software Skills (Photoshop / Illustrator / CAD)
,4. Understanding Buyer Requirements
,5. System / Process Knowledge
,6. Design Creativity & Innovation
,7. Timely Completion of Assigned Work
,
Back Office (DEO),1. Data Entry Speed & Productivity
,2. Google Sheets / MS Excel Knowledge
,3. Attention to Detail
,4. Record Maintenance & Organization
,5. Work Process Compliance (SOP Following)
,6. Timely Completion of Assigned Work
,7. Documentation Accuracy
,
HR Executive,1. Recruitment & Hiring Efficiency
,2. Employee Documentation Accuracy
,"3. HRMS, Attendance & Leave Management Knowledge"
,4. Policy & Process Compliance
,5. Timely Completion of Assigned Work
,6. Google Sheets / MS Excel Knowledge
,7. Work Process Compliance (SOP Following)
,
Data Analyst,Accuracy of Data
,Report Preparation
,Data Analysis & Interpretation
,Excel / Google Sheets Skills
,Data Validation & Error Checking
,Timeliness of Report Submission
,Dashboard Creation & Maintenance
,Documentation & Record Management
,
SALES COORDINATOR,Buyer Communication
,Client Query Resolution
,Order Processing Accuracy
,Order Follow-up
,"Production,Sample,Dispatch  Coordination"
,Fabric Knowledge
,Delivery Timeline Management
,Order Status Updates to Clients
,"Documentation Accuracy (PO, PI, Invoice, etc.)"
,ERP / Excel Data Management
,
,Market Visit & Coverage
,New Client Acquisition
,Client Follow-up
,Sales Target Achievement
,Order Generation
,Customer Relationship Management
,Product Presentation & Demonstration
,Daily Visit Report Submission
,
Design Coordinator,Design Planning & Allocation
,Design Review & Approval
,Buyer Requirement Understanding
,Color & Print Coordination
,Photoshop / Illustrator / APC Knowledge
,Print File Verification
,Design Documentation
,Print Process Knowledge
,Artwork Quality Check
,Design Standard Compliance
,
Process Coordinator,Process Flow Knowledge
,Order Tracking
,ERP / Google Sheet Knowledge
,Documentation Accuracy
,Production Process Knowledge
,Vender Follow up
,Order Status Monitoring
,Process Compliance
,Report Preparation
,Process Issue Identification
,
Executive Assistant (EA),Calendar Management
,Meeting Coordination
,Documentation & Drafting
,ERP / Google Sheet Knowledge
,Report Preparation
,Email Management
,MOM (Minutes of Meeting) Preparation
,Data Confidentiality
,Follow-up Tracking
,
,
Factory Manager,Production Planning
,Production Process Knowledge
,Machine Utilization
,Quality Control
,Wastage Control
,Production Reporting
,Resource Planning
,Production Scheduling
,Safety Compliance
,Process Improvement
,
Printing Operator,Digital Printing Machine Operation
,RIP Software Knowledge
,Color Matching
,Print Quality Inspection
,Print Alignment
,Fabric Handling
,Ink Management
,Machine Maintenance
,Defect Identification
,Printing Process Knowledge
,
Fusing Operator,Fusing Machine Operation
,Temperature Setting
,Pressure Setting
,Interlining Knowledge
,Fabric Handling
,Quality Inspection
,Defect Identification
,Machine Maintenance
,Fusing Process Knowledge
,Wastage Control
,
SAB Operator,SAB ERP Knowledge
,Sales Order Entry
,Invoice Preparation
,GST Documentation
,E-Way Bill Generation
,Data Accuracy
,Report Generation
,Excel Knowledge
,Documentation Management
,ERP Troubleshooting
